0,0,258.6206897,1.032,0,0.367672483,0,0.500645161,0,0.205728875,0
0,0,170.4545455,1.656,0,0.69812767,0,0.745904762,0,0.366683774,0
0,0,133.9285714,2.032,0,0.852428042,0,0.648695652,0,0.322155586,0
0,0,214.2857143,0.64,0,0.64461318,0,0.429333333,0,0.084447786,0
0,0,136.3636364,1.72,0,0.910248883,0,0.508903226,0,0.226355967,0
0,0,300,1,0,0.665037157,0,0.496571429,0,0.195243329,0
0,0,312.5,3.824,0,0.385328199,0,0.845647059,0,1.03995294,1
0,0,208.3333333,1.952,0,0.29429922,0,0.7712,0,0.4945609,1
0,0,250,1.784,0,0.187352947,0,0.67,0,0.493036307,1
65.78947368,1.16,0,0,1,0,0.986133333,0,0.057883956,0,0
163.0434783,2.096,0,0,0.896428571,0,0.576592593,0,0.345513137,0,1
0,0,131.5789474,1.008,0,0.808786367,0,0.801684211,0,0.196639844,0
0,0,258.6206897,2.072,0,0.137800804,0,0.67,0,0.591116048,1
0,0,208.3333333,1.032,0,0.765957334,0,0.579076923,0,0.215044725,0
0,0,227.2727273,1.544,0,0.452316199,0,0.756888889,0,0.407063644,1
0,0,64.65517241,1.08,0,0.979407776,0,1.005333333,0,0.041861449,0
82.41758242,1.024,0,0,1,0,0.852235294,0,0.083192194,0,0
0,0,416.6666667,3.368,0,0.509812992,0,0.589230769,0,0.591519556,1
0,0,187.5,3.064,0,0.38272764,0,1.016571429,0,0.69522832,1
0,0,153.0612245,1.632,0.047011991,0.7612008,0,0.9555,0,0.381804487,0
163.0434783,0.768,166.6666667,1.296,0.958064516,0.718380384,0.510933333,0.55437037,0.1190627,0.230646607,0
234.375,1.032,159.5744681,1.04,0.971428571,0.869171569,0.569481481,0.596923077,0.187617116,0.182232582,0
133.9285714,2.448,150,1.824,0.746153846,0.885343724,1.21,0.703636364,0.719232925,0.317557126,0
0,0,250,2.088,0.040040817,0.648326125,0,0.526769231,0,0.420758582,0
0,0,64.1025641,1.728,0,0.962444154,0,1.273333333,0,0.312620983,1
0,0,65.2173913,1.928,0,0.942563706,0,1.267333333,0,0.299788208,1
0,0,65.2173913,1.84,0,0.964060163,0,1.224727273,0,0.332119584,1
0,0,127.1186441,1.312,0,0.743809154,0,0.899733333,0,0.183474197,0
0,0,220.5882353,2.008,0,0.771219162,0,0.874823529,0,0.406919561,0
89.28571429,0.712,312.5,3.472,1,0.310139042,0.686909091,0.537428571,0.012898538,0.618528926,0
94.93670886,1.096,340.9090909,1.232,1,0.13820136,0.702909091,0.437411765,0.095276494,0.241439887,0
166.6666667,1.48,0,0,0.945,0,0.824842105,0,0.205936685,0,1
0,0,178.5714286,0.904,0,0.968236368,0,0.47375,0,0.182617351,1
227.2727273,0.744,0,0,0.785714286,0,0.456,0,0.176901274,0,1
0,0,178.5714286,0.776,0.051350319,0.831445395,0,0.686909091,0,0.107140721,0
147.0588235,0.928,227.2727273,2.592,0.95,0.380430813,0.650434783,0.781052632,0.118596269,0.71047132,0
141.509434,1.352,79.78723404,1.36,0.97,0.938502682,0.773894737,0.827789474,0.172466388,0.149864968,0
0,0,70.75471698,0.88,0,0.922364737,0,0.859764706,0,0.009845871,0
0,0,250,0.824,0,0.758250555,0,0.690545455,0,0.209334712,0
0,0,182.9268293,1.496,0,0.790389784,0,0.831111111,0,0.25828231,1
147.0588235,0.456,416.6666667,0.8,1,0.602429621,0.425555556,0.408,0.007842902,0.128229524,0
0,0,267.8571429,1.072,0.045153542,0.731109483,0,0.572148148,0,0.224706253,0
0,0,277.7777778,1.096,0.030724568,0.497480859,0,0.567058824,0,0.270508889,1
0,0,234.375,4.096,0,0.240365382,0,0.849882353,0,0.957920788,1
0,0,234.375,1.688,0,51.40148979,0,0.823555556,0,0.489863153,0
0,0,150,5.264,0,0.455857674,0,1.5472,0,1.579869812,0
0,0,98.68421053,1.296,0,0.945239564,0,0.802526316,0,0.247570275,0
0,0,59.52380952,1.04,0,0.990320864,0,1.022933333,0,0.012418113,0
0,0,65.2173913,0.968,0,0.987966379,0,0.941,0,0.015966632,0
0,0,187.5,2.592,0,0.625058567,0,0.518344828,0,0.408634685,1
0,0,234.375,1.704,0,0.632889864,0,0.593230769,0,0.371762968,1
0,0,202.7027027,1.424,0,0.594413034,0,0.58,0,0.25573236,1
0,0,111.9402985,0.584,0,0.993829357,0,0.558285714,0,0.012946777,0
0,0,100,0.632,0,0.994805381,0,0.61696,0,0.008105965,0
117.1875,0.528,144.2307692,0.624,1,0.963359418,0.518344828,0.518068966,0.004958945,0.028896281,0
0,0,241.9354839,1.096,0,0.810287575,0,0.547714286,0,0.130811387,0
0,0,174.4186047,1.8,0,0.751587783,0,0.74247619,0,0.342364662,1
0,0,178.5714286,1.128,0,0.688256622,0,0.57037037,0,0.217621434,1
0,0,113.6363636,1.36,0,0.756317832,0,0.9265,0,0.243743581,1
0,0,107.1428571,0.736,0,0.589161332,0,0.624,0,0.043435109,1
197.3684211,1.184,300,0.8,0.916666667,0.396514126,0.538758621,0.365953488,0.235338306,0.117498927,0
0,0,375,3.928,0,0.678664327,0,1.135428571,0,0.918848587,1
277.7777778,0.792,258.6206897,0.968,0.8875,0.513591361,0.500645161,0.535724138,0.171142348,0.188788411,0
0,0,187.5,0.896,0,0.88233076,0,0.800421053,0,0.140841249,0
0,0,110.2941176,0.88,0,0.9527679,0,0.7664,0,0.06101458,0
0,0,72.81553398,0.864,0,0.951983201,0,0.841777778,0,0.012134324,0
111.9402985,1.368,187.5,3.272,0.947826087,0.541234796,0.7,0.896,0.153719596,0.807856423,0
0,0,0,0,0,0,0,0,0,0,1
127.1186441,0.496,277.7777778,0.968,1,0.557957225,0.48225,0.469090909,0.00710747,0.195272304,0
300,1.208,101.3513514,1.2,0.75,0.918167733,0.527448276,0.636666667,0.198219861,0.120587932,0
234.375,0.872,0,0,0.773529412,0.064368345,0.464242424,0,0.090719013,0,0
163.0434783,0.472,234.375,13.272,0.8,0.514474486,0.457647059,2.556,0.017144453,5.250411032,0
0,0,0,0,0,0,0,0,0,0,1
220.5882353,1.192,197.3684211,1.208,0.853658537,0.554997246,0.3874,0.491870968,0.183234864,0.216649601,1
277.7777778,0.664,202.7027027,1.088,0.812765957,0.610250544,0.338956522,0.568888889,0.083349587,0.217649919,1
300,0.584,187.5,1.056,0.82173913,0.561452737,0.343822222,0.48937931,0.080984648,0.186481024,1
267.8571429,0.824,156.25,0.8,0.769230769,0.812616532,0.61472,0.72,0.225727623,0.1138982,0
227.2727273,0.864,127.1186441,0.856,0.907407407,0.908661027,0.596,0.63,0.161421684,0.121285864,0
80.64516129,0.776,80.64516129,0.776,1,0.993858008,0.76,0.7596,0.007786628,0.008792341,0
90.36144578,0.72,187.5,1.064,1,0.874274831,0.697454545,0.666434783,0.013886366,0.149149049,0
69.44444444,1.744,69.44444444,1.712,0.941176471,0.982328332,0.9795,0.929066667,0.295386301,0.216673377,0
288.4615385,4.152,0,0,0.641666667,0,1.135272727,0,1.289139643,0,0
202.7027027,8.632,241.9354839,1.432,0.6625,0.661034781,2.168,0.6432,3.006517365,0.306201447,0
0,0,58.13953488,2.568,0,0.955823372,0,1.25,0,0.469002811,1
0,0,208.3333333,1.096,0,0.889343846,0,0.9255,0,0.187814802,0
0,0,0,0,0,0,0,0,0,0,1
0,0,234.375,2.432,0,51.52508126,0,0.755076923,0,0.658948969,0
0,0,234.375,1.504,0,0.119663087,0,1.114461538,0,0.303638111,1
0,0,86.20689655,1.184,0,0.828020169,0,0.922,0,0.153341449,1
0,0,131.5789474,0.544,0,0.933205214,0,0.507096774,0,0.016866841,0
0,0,441.1764706,2.344,0,96.0809579,0,0.428444444,0,0.380385101,0
0,0,147.0588235,1.184,0,0.679015516,0,0.589846154,0,0.162438343,1
0,0,117.1875,1.864,0,0.91345881,0,0.5952,0,0.264847126,1
0,0,182.9268293,1.12,0,0.839406459,0,0.552,0,0.167738774,1
0,0,141.509434,1.68,0,0.916876395,0,0.7732,0,0.319992368,1
0,0,153.0612245,1.568,0,0.942767282,0,0.675130435,0,0.277712622,1
156.25,0.888,0,0,0.989655172,0,0.552571429,0,0.144966772,0,0
125,0.968,0,0,1,0,0.665043478,0,0.12730046,0,1
0,0,133.9285714,1.328,0,0.753697974,0,0.607076923,0,0.167722848,0
0,0,144.2307692,0.704,0,0.753385382,0,0.516533333,0,0.076204685,1
131.5789474,0.752,131.5789474,0.76,1,0.90248884,0.561428571,0.550571429,0.0795857,0.07460485,0
136.3636364,0.712,138.8888889,0.904,1,0.729030901,0.566222222,0.587384615,0.083973134,0.108662809,0
78.125,0.792,192.3076923,1.264,1,0.704435486,0.778947368,0.710181818,0.006645581,0.221026962,0
0,0,0,0,0,0,0,0,0,0,1
0,0,234.375,1.184,0,0.266458356,0,0.528333333,0,0.24396127,0
234.375,0.832,234.375,3.976,0.864,0.410443899,0.639,1.15,0.230155335,1.252389135,0
0,0,153.0612245,1.464,0,0.746450393,0,0.682545455,0,0.256907752,1
0,0,87.20930233,0.76,0,0.922424827,0,0.725714286,0,0.017914081,0
357.1428571,1.024,0,0,0.875,0,0.494451613,0,0.176356238,0,1
0,0,0,0,0,0,0,0,0,0,1
0,0,129.3103448,0.96,0,0.981264643,0,0.48975,0,0.086108334,0
0,0,129.3103448,0.976,0,0.972773996,0,0.508,0,0.090161541,0
0,0,0,0,0,0,0,0,0,0,0
147.0588235,1.336,220.5882353,2.296,0.91,0.597640801,0.771789474,1.129230769,0.249990128,0.743934378,1
170.4545455,0.792,153.0612245,1.176,0.842857143,0.762706521,0.449647059,0.61216,0.098881589,0.218053449,1
0,0,110.2941176,0.624,0,0.961018686,0,0.592307692,0,0.02378364,0
0,0,78.94736842,0.84,0,0.968106473,0,0.794105263,0,0.019567248,0
131.5789474,0.488,131.5789474,0.496,0.8,0.956327543,0.477575758,0.478545455,0.008120308,0.009477245,0
115.3846154,2.144,117.1875,0.56,0.976,0.986166114,0.652666667,0.539714286,0.388028984,0.011822318,0
0,0,234.375,1.04,0,0.723936052,0,0.4544,0,0.331946984,0
0,0,13.41681574,4.472,0,0,0,4.472,0,0,1
220.5882353,1.576,163.0434783,0.88,0.884,0.845886871,0.630333333,0.711058824,0.274960656,0.134488136,1
117.1875,0.904,119.047619,0.912,0.99047619,0.915594006,0.746,0.74552381,0.083859532,0.084838446,0
81.52173913,0.76,227.2727273,1.512,1,0.76258523,0.7512,0.711157895,0.006304551,0.252516504,0
110.2941176,0.912,108.6956522,0.92,1,0.96111833,0.7484,0.7484,0.060453027,0.060173783,0
81.52173913,0.76,81.52173913,0.76,1,0.990277047,0.75047619,0.7512,0.005996825,0.007295276,0
122.9508197,0.896,125,0.904,0.981818182,0.900108499,0.741714286,0.7332,0.09100832,0.089735049,0
0,0,55.55555556,1.632,0,0.99868717,0,1.293333333,0,0.21577991,1
0,0,57.2519084,2.136,0,0.986437649,0,1.344,0,0.359056542,1
0,0,57.69230769,1.648,0,0.988136548,0,1.381090909,0,0.25615677,1
0,0,234.375,0.528,0,0.910320277,0,0.4925,0,0.060957944,0
0,0,125,0.528,0,0.983821758,0,0.504,0,0.010532489,0
0,0,166.6666667,1.76,0,0.643803912,0,0.671272727,0,0.370812516,0
0,0,108.6956522,0.832,0,0.870663054,0,0.643,0,0.079294717,0
0,0,187.5,0.64,0,0.786428681,0,0.472242424,0,0.079836955,1
0,0,166.6666667,0.784,0,0.730406445,0,0.577185185,0,0.153140719,1
70.09345794,0.912,0,0,0.944444444,0,0.881882353,0,0.012175192,0,0
72.81553398,0.88,0,0,1,0,0.842222222,0,0.014980597,0,0
0,0,208.3333333,1.184,0,0.705560292,0,0.595076923,0,0.237534827,1
0,0,101.3513514,0.728,0,0.910608908,0,0.674086957,0,0.04666117,0
0,0,192.3076923,0.592,0,0.711908197,0,0.48283871,0,0.112010445,1
72.81553398,1.104,72.11538462,1.088,1,0.979208357,0.9705,0.971,0.051492394,0.048782511,0
0,0,97.4025974,1.832,0,0.881632865,0,0.835555556,0,0.277660441,0
0,0,394.7368421,1.48,0,0.609509711,0,0.7248,0,0.30152343,0
0,0,0,0,0,0,0,0,0,0,0
0,0,78.94736842,1,0,0.90758748,0,0.892705882,0,0.069573491,0
55.55555556,1.176,55.55555556,1.176,1,0.997068132,1.129230769,1.126769231,0.034540203,0.035903003,0
74.25742574,0.824,75.75757576,0.84,1,0.963639783,0.818105263,0.818666667,0.00522701,0.013442689,0
227.2727273,0.768,267.8571429,2.504,0.940909091,0.524776849,0.71352381,1.085818182,0.117565139,0.719609591,0
0,0,159.5744681,1.376,0.053981968,0.874056094,0,0.7648,0,0.292069494,1
0,0,150,1.904,0,0.812337492,0,0.667130435,0,0.299961104,0
129.3103448,1.6,147.0588235,1.112,0.888235294,0.853635399,0.852,0.741333333,0.285739275,0.239042535,1
277.7777778,2.992,166.6666667,1.432,0.909090909,0.769251649,0.736,0.683636364,0.632075945,0.256413087,1
131.5789474,2.72,166.6666667,1.072,0.944,0.867268849,0.648,0.555428571,0.455661201,0.144303032,1
141.509434,2.632,120.9677419,2.624,0.904545455,0.940374085,0.72152381,0.7612,0.493643558,0.504566265,1
163.0434783,1.176,174.4186047,0.832,0.975862069,0.885316928,0.551714286,0.5152,0.144844964,0.092692447,1
0,0,107.1428571,0.84,0,0.957640208,0,0.690909091,0,0.050023717,0
0,0,108.6956522,1.048,0,0.902134772,0,0.820631579,0,0.114862338,0
0,0,0,0,0,0,0,0,0,0,0
0,0,300,5.304,0,0.147612283,0,0.601411765,0,1.215141919,0
0,0,0,0,0,0,0,0,0,0,0
0,0,159.5744681,1.168,0,0.875297094,0,0.7636,0,0.15850831,0
0,0,202.7027027,2.912,0,0.418298001,0,0.7616,0,0.570007424,0
0,0,288.4615385,2.344,0,0.35893526,0,0.594153846,0,0.452364781,1
0,0,192.3076923,1,0,0.841303261,0,0.568296296,0,0.138288109,1
0,0,46.58385093,2.856,0,0.986029,0,1.670222222,0,0.49767102,1
0,0,288.4615385,0.968,0,0.444339267,0,0.625684211,0,0.250376839,0
0,0,75,1.984,0,0.952843934,0,1.089714286,0,0.29064052,0
79.78723404,1.808,0,0,0.988235294,0,0.957,0,0.380269378,0,1
0,0,312.5,3.136,0,0.610761684,0,0.662666667,0,0.650381969,1
0,0,192.3076923,4.112,0,0.441172069,0,0.708952381,0,0.794587596,1
0,0,234.375,1.904,0,0.556133902,0,0.689818182,0,0.443253301,0
92.59259259,0.656,214.2857143,1.384,0.8,0.570960132,0.652,0.652363636,0.005656854,0.281002041,0
127.1186441,1.512,300,1.024,0.944444444,0.510619437,0.574769231,0.455757576,0.216676775,0.185951444,0
0,0,110.2941176,0.592,0,0.98756684,0,0.569481481,0,0.014039424,0
0,0,129.3103448,1.72,0,0.426419765,0,0.6376,0,0.269837846,1
153.0612245,1.056,0,0,0.959259259,0,0.585846154,0,0.1807123,0,1
141.509434,1.2,0,0,0.943478261,0,0.682181818,0,0.219744362,0,1
0,0,115.3846154,0.88,0,0.891512626,0,0.709714286,0,0.072006349,0
0,0,127.1186441,0.664,0,0.96806024,0,0.596923077,0,0.034396422,0
0,0,267.8571429,3.392,0,0.55713144,0,0.870666667,0,0.683670371,0
0,0,163.0434783,0.936,0,0.864887236,0,0.837777778,0,0.143707037,0
0,0,267.8571429,1.616,0,0.614591202,0,0.72,0,0.340397527,0
60.48387097,1.184,0,0,1,0,1.069142857,0,0.054944527,0,0
0,0,0,0,0,0,0,0,0,0,1
84.26966292,0.888,0,0,1,0,0.819789474,0,0.053490995,0,0
88.23529412,0.888,0,0,0.964705882,0,0.788,0,0.052743404,0,0
60.48387097,1.024,0,0,1,0,1.008533333,0,0.011096117,0,0
63.55932203,1.008,0,0,1,0,0.9735,0,0.021410278,0,0
80.64516129,0.792,0,0,0.97,0,0.772210526,0,0.015633223,0,0
83.33333333,1.512,0,0,0.93125,0,0.989866667,0,0.34954294,0,1
141.509434,0.816,202.7027027,0.936,0.937931034,0.528723242,0.532,0.639,0.12035503,0.190140452,0
79.78723404,0.784,79.78723404,0.784,1,0.997871919,0.7684,0.768,0.007556106,0.00843274,0
144.2307692,0.8,214.2857143,1.056,0.926666667,0.478883886,0.528827586,0.623652174,0.103124775,0.197813183,0
234.375,0.768,0,0,0.755882353,0,0.450181818,0,0.183741914,0,0
214.2857143,0.664,0,0,0.751428571,0,0.461411765,0,0.17689821,0,0
117.1875,1.064,0,0,1,0,0.645217391,0,0.122390937,0,0
192.3076923,0.728,227.2727273,0.904,0.861538462,0.577671593,0.592,0.579259259,0.0922894,0.167196014,0
0,0,113.6363636,0.8,0.059580752,0.964709538,0,0.654956522,0,0.07273581,0
0,0,43.35260116,2.592,0,0.992447544,0,1.727,0,0.398682115,1
0,0,150,2.776,0,0.55194751,0,0.925176471,0,0.576943264,1
0,0,125,0.592,0,0.878282974,0,0.545714286,0,0.035800742,0
0,0,111.9402985,0.584,0,0.98428836,0,0.562074074,0,0.013421928,0
0,0,277.7777778,1.296,0,0.486795225,0,0.504,0,0.236336483,0
0,0,227.2727273,3.088,0,0.668890314,0,0.745904762,0,0.558683623,0
0,0,0,0,0,0,0,0,0,0,1
0,0,83.33333333,0.896,0,0.967014082,0,0.827111111,0,0.053920299,0
0,0,267.8571429,2.544,0,0.360956844,0,0.660190476,0,0.554531119,0
0,0,91.46341463,0.928,0,0.961165079,0,0.7824,0,0.080151436,0
250,2.968,288.4615385,2.472,0.830434783,0.724488152,0.699636364,0.550285714,0.530911036,0.405563427,1
110.2941176,1.128,110.2941176,1.088,0.965384615,0.94704863,0.60416,0.581538462,0.15424863,0.104277027,0
113.6363636,0.576,111.9402985,0.584,0.979310345,0.970312886,0.556857143,0.557714286,0.010518817,0.013396675,0
375,0.616,234.375,1.232,0.822916667,0.605966088,0.325446809,0.696,0.083823523,0.273909265,0
0,0,86.20689655,1.48,0,0.421463723,0,1.164,0,0.324952584,1
0,0,141.509434,0.992,0,0.744996457,0,0.7808,0,0.140959718,0
0,0,234.375,3.016,0,0.852053635,0,1.699,0,0.740346637,0
0,0,81.52173913,0.76,0,0.994279818,0,0.750857143,0,0.006828512,0
0,0,80.64516129,0.768,0,0.99629993,0,0.7548,0,0.007466416,0
234.375,1.92,104.1666667,1.768,0.766666667,0.85515596,0.805647059,0.828888889,0.36486452,0.246883847,1
67.56756757,0.936,66.37168142,0.92,0.988888889,0.975602579,0.912,0.912,0.013266499,0.006324555,0
0,0,220.5882353,2.248,0,0.646950574,0,0.545142857,0,0.393015853,1
0,0,300,0.76,0,65.17934437,0,0.318530612,0,0.104098331,0
0,0,163.0434783,0.576,0,0.777074987,0,0.498482759,0,0.038253497,0
0,0,86.20689655,1.24,0,0.923888529,0,0.806736842,0,0.142192687,0
0,0,58.59375,1.136,0.060992887,0.987574305,0,1.074285714,0,0.026519742,0
62.5,1.008,62.5,1,1,0.996581188,0.985066667,0.986666667,0.015378402,0.013063945,0
0,0,120.9677419,0.744,0,0.78466207,0,0.656347826,0,0.066298642,0
0,0,97.4025974,1.48,0,0.961599673,0,0.757333333,0,0.175441538,0
136.3636364,1.304,0,0,0.857142857,0,0.7408,0,0.201875835,0,1
153.0612245,0.792,0,0,0.952173913,0,0.693818182,0,0.10272276,0,1
79.78723404,0.84,78.94736842,1.552,0.99,0.978993825,0.797052632,0.838666667,0.027222282,0.180044439,0
84.26966292,0.768,84.26966292,0.76,1,0.99434194,0.7376,0.736,0.015045195,0.014085453,0
76.53061224,0.832,76.53061224,0.832,1,0.996934211,0.818222222,0.819111111,0.01124882,0.011359831,0
178.5714286,0.824,0,0,0.935483871,0,0.5256,0,0.157345567,0,1
127.1186441,1.032,0,0,0.991304348,0,0.677818182,0,0.166481698,0,1
182.9268293,0.824,0,0,0.965517241,0,0.550285714,0,0.165367124,0,1
0,0,136.3636364,0.488,0,0.948463826,0,0.460705882,0,0.0115037,0
0,0,258.6206897,0.608,0,0.749779764,0,0.428222222,0,0.07245535,0
0,0,108.6956522,0.616,0,0.984833806,0,0.590461538,0,0.014667599,0
0,0,101.3513514,1.64,0,0.885714532,0,1.064,0,0.260063897,0
0,0,86.20689655,1.48,0.057471088,0.930550637,0,1.072571429,0,0.182602432,0
0,0,96.15384615,1.68,0,0.83956895,0,1.046857143,0,0.253329478,0
0,0,277.7777778,2.84,0,0.634133052,0,0.624,0,0.491246035,1
0,0,250,2.136,0,0.273252936,0,0.7928,0,0.521929376,1
0,0,138.8888889,1.288,0,0.512256177,0,0.61952,0,0.242861607,1
0,0,0,0,0,0,0,0,0,0,1
0,0,0,0,0,0,0,0,0,0,0
0,0,288.4615385,0.76,0,0.571864797,0,0.5048,0,0.155698737,0
0,0,80.64516129,2.416,0,0.984352303,0,0.956266667,0,0.536970266,1
91.46341463,0.688,0,0,1,0,0.668173913,0,0.006322055,0,0
0,0,357.1428571,0.72,0,0.654317702,0,0.467393939,0,0.112107632,1
0,0,170.4545455,0.568,0,0.758159863,0,0.48875,0,0.081009358,1
102.739726,1.352,202.7027027,2.608,0.895454545,0.705955122,0.700571429,0.750095238,0.152872683,0.470314991,0
102.739726,1.344,234.375,2.296,0.895,0.678853739,0.771368421,0.795555556,0.254080523,0.464342447,0
0,0,136.3636364,0.488,0,0.956437376,0,0.466181818,0,0.010820855,0
0,0,277.7777778,0.928,0,0.796361902,0,0.461411765,0,0.107145361,0
0,0,258.6206897,1.416,0,0.786141059,0,0.48975,0,0.215063531,1
0,0,187.5,0.848,0,0.856211558,0,0.458823529,0,0.091804955,1
0,0,416.6666667,1.408,0,0.474977892,0,0.666086957,0,0.372714601,1
70.09345794,0.896,0,0,1,0,0.874666667,0,0.009100743,0,0
62.5,1,0,0,1,0,0.9835,0,0.011489125,0,0
78.94736842,0.848,187.5,0.92,0.93,0.751444265,0.8,0.721818182,0.020132892,0.163428632,0
73.52941176,0.856,79.78723404,1.544,1,0.819093333,0.836888889,0.907294118,0.010676466,0.206708661,0
267.8571429,0.336,136.3636364,0.464,0.682758621,0.981001483,0.270596491,0.450285714,0.036099001,0.0060028,0
0,0,141.509434,0.448,0,0.975339622,0,0.432444444,0,0.006880384,0
0,0,187.5,1.776,0.048921928,0.792125794,0,0.9535,0,0.330006465,0
0,0,77.31958763,0.8,0,0.996731437,0,0.788210526,0,0.006729528,0
0,0,288.4615385,2.352,0,0.443328756,0,0.571555556,0,0.470711845,0
0,0,187.5,1.576,0,0.870889939,0,0.7672,0,0.254096873,1
0,0,156.25,1.4,0,0.798237376,0,0.934933333,0,0.237719963,1
277.7777778,0.552,197.3684211,1.24,0.914285714,0.844977787,0.462117647,0.524689655,0.058092802,0.185958733,0
136.3636364,0.456,138.8888889,0.472,1,0.97019891,0.4448,0.4448,0.004424531,0.010662744,0
0,0,0,0,0,0,0,0,0,0,1
110.2941176,1.192,117.1875,1.192,0.976,0.940768484,0.652,0.648,0.202564429,0.204410499,0
88.23529412,0.752,192.3076923,1.408,1,0.85235747,0.708571429,0.7464,0.016506276,0.202587057,0
0,0,250,1.376,0,0.515131917,0,0.633333333,0,0.276903792,0
0,0,166.6666667,2.088,0,0.497477403,0,0.7936,0,0.363464962,0
0,0,86.20689655,0.744,0,0.969477578,0,0.717714286,0,0.012170221,0
0,0,133.9285714,0.816,0,0.832565777,0,0.677538462,0,0.084625267,0
0,0,90.36144578,1.688,0,0.931550702,0,0.848470588,0,0.344922839,1
0,0,241.9354839,3.272,0,0.611761339,0,0.7612,0,0.649208879,0
127.1186441,0.52,125,0.52,1,0.98829749,0.496,0.496774194,0.013781708,0.012792471,0
277.7777778,1.832,147.0588235,2.416,0.776666667,0.747949033,0.502896552,0.7332,0.324959596,0.584367728,0
96.15384615,0.64,0,0,1,0,0.629333333,0,0.004517278,0,0
91.46341463,0.672,0,0,1,0,0.663652174,0,0.005645664,0,0
0,0,0,0,0,0,0,0,0,0,1
0,0,340.9090909,3.456,0,0.267579377,0,1.030857143,0,0.939456378,1
51.72413793,1.36,0,0,1,0.08321383,1.278,0,0.063646752,0,0
53.57142857,1.384,53.95683453,1.392,0.984615385,0.978493087,1.26,1.258181818,0.083243345,0.088369472,0
0,0,50.33557047,1.56,0,0.981341991,0,1.3784,0,0.11666781,0
0,0,156.25,1.248,0,0.957830662,0,0.425081081,0,0.139180614,0
0,0,202.7027027,2.16,0,0.838585845,0,0.521866667,0,0.438403037,0
227.2727273,0.824,277.7777778,3.624,0.884,0.733312014,0.611,0.850666667,0.189957432,0.782380079,0
0,0,416.6666667,1.216,0,0.178132398,0,0.452606061,0,0.228613476,1
0,0,267.8571429,1.576,0,0.292400743,0,0.423567568,0,0.217900658,1
0,0,100,0.64,0,0.976147145,0,0.62016,0,0.011341958,0
0,0,97.4025974,0.656,0,0.993660377,0,0.64,0,0.0097267,0
0,0,0,0,0,0,0,0,0,0,0
300,1.008,300,1.152,0.752631579,0.304740698,0.425513514,0.461647059,0.133624187,0.258304247,0
300,2.064,0,0,0.821212121,0.068336206,0.47275,0,0.346980989,0,0
0,0,267.8571429,1.216,0,0.634960616,0,0.570962963,0,0.25490292,0
0,0,202.7027027,2.288,0,0.452360891,0,0.946285714,0,0.583003817,0
0,0,267.8571429,2.352,0,0.282342851,0,0.697684211,0,0.582308533,0
53.19148936,1.736,52.81690141,1.728,0.984615385,0.986734427,1.233333333,1.234666667,0.205462376,0.20587257,0
0,0,202.7027027,1.056,0,0.734109281,0,0.4512,0,0.18937619,1
163.0434783,0.4,250,2.288,1,0.247801276,0.385,0.555809524,0.005491252,0.478942963,0
192.3076923,0.392,187.5,1.44,1,0.843621613,0.352,0.377142857,0.009911234,0.16835337,1
241.9354839,0.416,156.25,0.408,0.952380952,0.916454949,0.378926829,0.397948718,0.047522831,0.007725381,0
174.4186047,0.392,166.6666667,0.392,0.95952381,0.944573943,0.376585366,0.376195122,0.011508639,0.006808889,0
174.4186047,0.416,163.0434783,0.4,0.983333333,0.945765708,0.381853659,0.380878049,0.018678277,0.007349133,0
0,0,0,0,0,0,0,0,0,0,1
0,0,312.5,2.544,0,0.266986848,0,0.606153846,0,0.508741167,1
182.9268293,1.024,0,0,0.90625,0,0.504,0,0.182906898,0,1
192.3076923,0.648,0,0,0.913513514,0,0.438,0,0.099725337,0,1
0,0,234.375,4.024,0,0.39043129,0,1.255272727,0,1.252220834,0
0,0,267.8571429,1.704,0,0.555137135,0,0.592347826,0,0.387652915,0
0,0,136.3636364,1.68,0,0.594063722,0,0.711272727,0,0.326663097,1
174.4186047,0.792,0,0,0.993548387,0,0.5208,0,0.123834818,0,1
208.3333333,1.216,0,0,0.945454545,0,0.722285714,0,0.190882462,0,1
0,0,96.15384615,1.192,0,0.828202137,0,0.949866667,0,0.144014814,0
0,0,120.9677419,1.928,0,0.815801773,0,1.026857143,0,0.346638996,0
0,0,94.93670886,1.672,0,0.756780262,0,0.876888889,0,0.2483889,0
0,0,44.11764706,1.392,0,0.995842264,0,1.373818182,0,0.010787198,0
0,0,277.7777778,2.104,0,0.462564165,0,0.638666667,0,0.421757262,0
267.8571429,1.456,0,0,0.773333333,0,0.538482759,0,0.266148001,0,1
234.375,3.648,0,0,0.833333333,0,0.671304348,0,0.666644954,0,1
0,0,101.3513514,0.984,0,0.951991537,0,0.808842105,0,0.067298063,0
0,0,73.52941176,1.536,0,0.889251869,0,0.923,0,0.230567994,0
0,0,87.20930233,0.736,0,0.980890542,0,0.70552381,0,0.013052276,0
83.33333333,1.112,0,0,1,0,0.7644,0,0.084204263,0,0
0,0,258.6206897,3.16,0,0.319475942,0,0.731428571,0,0.791658801,1
0,0,88.23529412,0.704,0,0.993497335,0,0.692363636,0,0.007700003,0
0,0,85.22727273,0.736,0,0.995309717,0,0.721142857,0,0.008113481,0
0,0,131.5789474,0.496,0,0.980372874,0,0.4765,0,0.009517386,0
0,0,166.6666667,0.768,0,0.904525237,0,0.41772973,0,0.104887413,1
0,0,241.9354839,2.104,0,0.538909293,0,0.646095238,0,0.426497586,0
0,0,227.2727273,0.64,0,0.872317361,0,0.562074074,0,0.084214893,0
104.1666667,0.832,107.1428571,2.992,0.991304348,0.876427496,0.714181818,0.829333333,0.045401528,0.541120406,0
0,0,80.64516129,0.784,0,0.981249112,0,0.7664,0,0.011490958,0
0,0,88.23529412,1.232,0,0.958575846,0,1.002133333,0,0.146688137,0
80.64516129,1.568,0,0,0.925,0,0.824,0,0.181038977,0,0
62.5,0.984,0,0,1,0,0.97,0,0.006196773,0,0
0,0,312.5,0.256,0,0.358333088,0,0.224,0,0.045254834,1
0,0,0,0,0,0,0,0,0,0,1
0,0,174.4186047,0.544,0,0.839196653,0,0.395282051,0,0.047567099,1
0,0,234.375,1.736,0,0.323199815,0,0.698909091,0,0.446961691,1
0,0,312.5,0.256,0,0.356772117,0,0.224,0,0.045254834,1
0,0,208.3333333,2.312,0,0.393327136,0,0.500129032,0,0.372899964,1
0,0,0,0,0,0,0,0,0,0,1
0,0,241.9354839,2.712,0,0.372973014,0,1.066857143,0,0.813042042,1
0,0,0,0,0,0,0,0,0,0,1
0,0,80.64516129,0.936,0,0.953664934,0,0.869176471,0,0.040982062,0
0,0,67.56756757,0.96,0,0.994984005,0,0.9235,0,0.018,0
0,0,90.36144578,0.872,0,0.952966314,0,0.7932,0,0.082048509,0
0,0,67.56756757,0.936,0,0.996852285,0,0.912,0,0.013701581,0
76.53061224,1.984,72.11538462,1.992,0.941666667,0.86980572,1.266909091,1.246,0.414123038,0.401033211,1
64.65517241,1.968,65.2173913,1.992,0.953846154,0.89452203,1.260666667,1.251333333,0.34162322,0.357713276,1
0,0,159.5744681,0.904,0,0.839205254,0,0.831555556,0,0.129272272,0
0,0,170.4545455,0.816,0,0.90145265,0,0.469818182,0,0.117392891,1
90.36144578,1.92,0,0,0.784210526,0,0.873333333,0,0.354050179,0,0
234.375,2.792,0,0,0.909375,0.075672577,0.502193548,0,0.430266694,0,0
136.3636364,0.68,312.5,3.136,0.992857143,0.31860685,0.565333333,0.845777778,0.048,0.856854134,0
234.375,9.632,129.3103448,0.552,0.906666667,0.952626947,1.110285714,0.501935484,2.454010075,0.01677684,0
0,0,0,0,0,0,0,0,0,0,0
127.1186441,0.496,131.5789474,2.136,0.80625,0.91628152,0.488,0.557428571,0.007155418,0.314998346,0
131.5789474,0.496,227.2727273,2.392,1,0.788313285,0.471272727,0.62208,0.011377809,0.440946134,0
214.2857143,0.6,202.7027027,0.912,0.908823529,0.834211186,0.460606061,0.494133333,0.050755504,0.117193543,0
0,0,267.8571429,3.52,0,0.276658691,0,0.673391304,0,0.673835814,1
0,0,163.0434783,1.008,0,0.886884316,0,0.551428571,0,0.185225274,1
0,0,120.9677419,1.36,0,0.881194693,0,0.846666667,0,0.280989847,0
0,0,258.6206897,3.768,0,0.575795936,0,0.656,0,0.71255137,0
0,0,133.9285714,1.168,0,0.936406137,0,0.626181818,0,0.129260032,1
0,0,288.4615385,0.968,0,0.414437688,0,0.54,0,0.216719788,0
0,0,150,0.96,0,0.865644912,0,0.571259259,0,0.122683016,0
0,0,147.0588235,2.72,0,0.806173687,0,0.670181818,0,0.487221436,0
0,0,0,0,0,0,0,0,0,0,0
0,0,119.047619,0.568,0,0.887548006,0,0.535172414,0,0.017804632,0
0,0,277.7777778,1.44,0,0.705256341,0,0.62208,0,0.277082707,1
0,0,156.25,2.112,0,0.747674821,0,0.797894737,0,0.376121419,1
120.9677419,0.88,0,0,1,0,0.681454545,0,0.123606413,0,0
147.0588235,1.184,0,0,0.992,0,0.623666667,0,0.161531439,0,0
101.3513514,0.624,115.3846154,2.632,1,0.807403239,0.61088,0.764,0.007617524,0.476503051,0
197.3684211,0.792,84.26966292,0.744,0.960869565,0.980200523,0.699636364,0.731809524,0.105259111,0.009336054,0
197.3684211,1.208,241.9354839,1.272,0.954166667,0.700059784,0.662956522,0.636,0.196112092,0.243624801,0
16.96832579,5.288,71.42857143,1.064,7.593631044,0.872745838,4.412,0.9575,1.238851081,0.066145295,0
68.18181818,5.92,92.59259259,1.4,0.73,0.787459619,1.602666667,0.9335,1.656367109,0.148456054,0
0,0,73.52941176,2.368,0,0.882077389,0,1.165090909,0,0.406306646,0
0,0,0,0,0,0,0,0,0,0,0
0,0,52.81690141,1.496,0,0.91765224,0,1.296,0,0.138979135,0
241.9354839,0.872,0,0,0.78,0.064906787,0.456470588,0,0.142985533,0,0
202.7027027,0.792,0,0,0.797368421,0.06635208,0.428756757,0,0.086048244,0,0
227.2727273,1.32,234.375,1.68,0.863636364,0.471059021,0.721142857,0.633333333,0.216226336,0.295088294,0
153.0612245,1.28,267.8571429,1.416,0.828571429,0.325811295,0.7772,0.492740741,0.190737516,0.23202397,0
113.6363636,0.672,0,0,1,0,0.60416,0,0.03242386,0,0
375,3.648,0,0,0.882352941,0,0.868,0,0.80614705,0,1
73.52941176,2.096,0,0,0.98125,0,1.003733333,0,0.360087185,0,1
89.28571429,0.68,0,0,1,0,0.679636364,0,0.001705606,0,0
0,0,72.11538462,1.92,0,0.991787527,0,1.033714286,0,0.366084359,1
0,0,78.125,1.064,0,0.981743524,0,0.843555556,0,0.064773108,0
0,0,197.3684211,2.28,0,0.391829577,0,0.663,0,0.433699154,0
96.15384615,0.896,97.4025974,0.904,1,0.974480878,0.7524,0.7556,0.064444509,0.063230905,0
108.6956522,0.832,105.6338028,0.84,0.97826087,0.961169014,0.686909091,0.683826087,0.066351811,0.062195916,0
119.047619,0.68,117.1875,0.664,0.984615385,0.964444209,0.60096,0.600615385,0.039954641,0.035628165,0
0,0,300,2.384,0,0.276396869,0,0.472727273,0,0.453119691,0
0,0,300,2.344,0,0.282076679,0,0.463428571,0,0.44809485,0
0,0,357.1428571,2.048,0,0.56297737,0,0.71847619,0,0.394795089,0
0,0,234.375,4.584,0,0.211689846,0,0.816,0,1.019945097,1
0,0,277.7777778,0.96,0,0.658326173,0,0.56928,0,0.225928366,1
0,0,0,0,0,0,0,0,0,0,1
0,0,375,1.544,0,0.264892622,0,0.568592593,0,0.300497441,1
0,0,84.26966292,0.768,0,0.957826326,0,0.7436,0,0.016915891,0
0,0,76.53061224,0.816,0,0.99770948,0,0.8,0,0.009237604,0
0,0,89.28571429,0.704,0,0.988653568,0,0.687272727,0,0.009207563,0
0,0,197.3684211,0.68,0,0.82505075,0,0.578074074,0,0.109028552,0
0,0,0,0,0,0,0,0,0,0,0
72.81553398,1.6,43.85964912,1.6,0.963636364,0.940394176,1.4312,1.4896,0.226821908,0.082778419,1
40.76086957,1.728,41.89944134,1.728,1,0.982813816,1.547555556,1.5352,0.085427032,0.089040315,1
43.35260116,1.784,43.60465116,1.784,1,0.987839782,1.5,1.502222222,0.113841996,0.12117939,1
67.56756757,1.064,68.80733945,1.056,1,0.980005338,0.971733333,0.966,0.052534977,0.053824406,0
71.42857143,1.04,71.42857143,0.968,1,0.986873774,0.9065,0.8955,0.050741173,0.037348806,0
0,0,0,0,0,0,0,0,0,0,1
0,0,0,0,0,0,0,0,0,0,1
91.46341463,1.52,0,0,0.978947368,0,0.842222222,0,0.183186037,0,1
98.68421053,0.928,0,0,1,0,0.720363636,0,0.07994197,0,1
0,0,0,0,0,0,0,0,0,0,1
0,0,174.4186047,0.792,0,0.817559603,0,0.527448276,0,0.102493061,1
0,0,64.65517241,1.952,0.060305079,0.976437573,0,1.040571429,0,0.26357008,0
64.1025641,0.984,258.6206897,2.216,1,0.468922453,0.961,0.792,0.013662601,0.54082735,0
0,0,182.9268293,1.384,0,0.750172413,0,0.72,0,0.244386579,0
0,0,220.5882353,1.488,0,0.706318922,0,0.697454545,0,0.27799156,0
0,0,0,0,0,0,0,0,0,0,0
0,0,0,0,0,0,0,0,0,0,0
0,0,119.047619,1.816,0,0.853348212,0,0.67352381,0,0.311040772,0
0,0,178.5714286,0.816,0,0.693837709,0,0.58592,0,0.088552207,0
0,0,250,0.528,0,0.800118876,0,0.448457143,0,0.098667696,1
0,0,80.64516129,0.768,0,0.981268156,0,0.7552,0,0.007522598,0
0,0,82.41758242,0.752,1,0.99800828,0,0.73752381,0,0.008243901,0
0,0,68.18181818,1.896,0,0.729509775,0,1.338909091,0,0.35389079,1
0,0,64.1025641,2.496,0,0.923308,0,1.451555556,0,0.579062844,1
0,0,0,0,0,0,0,0,0,0,0
0,0,0,0,0,0,0,0,0,0,0
108.6956522,1.472,150,2.84,0.942857143,0.626454535,0.870769231,0.977,0.277336785,0.590375248,1
234.375,4.12,227.2727273,2.384,0.841666667,0.514061798,1.349818182,0.895058824,1.008622607,0.626008833,1
288.4615385,0.256,0,0,0.566666667,0.047154504,0.232,0,0.033941125,0,1
104.1666667,1.472,182.9268293,2.84,0.927272727,0.600954629,0.912,0.914352941,0.293430287,0.611161286,1
0,0,0,0,0,0,0,0,0,0,1
0,0,277.7777778,2.88,0,0.250539094,0,0.73752381,0,0.629715461,1
0,0,227.2727273,1.904,0,0.364216945,0,0.794666667,0,0.48472964,1
0,0,108.6956522,1.792,0,0.945110489,0,0.663304348,0,0.274808104,0
0,0,208.3333333,1.168,0,0.898875343,0,0.61216,0,0.145531119,0
0,0,102.739726,0.704,0,0.98700939,0,0.653666667,0,0.021031378,0
182.9268293,0.728,312.5,2.064,0.804878049,0.375809196,0.387,0.456727273,0.092601157,0.343530864,0
250,0.504,59.52380952,1.008,0.967567568,0.721701033,0.437777778,1.008,0.052183802,0,0
0,0,197.3684211,1.488,0,0.708515651,0,0.671619048,0,0.221853663,0
0,0,115.3846154,0.8,0,0.944282987,0,0.715809524,0,0.077505883,0
61.47540984,1.112,61.47540984,1.104,0.83125,0.995084171,1.0272,1.0304,0.035879162,0.033150738,0
60.48387097,1.088,60.97560976,1.096,1,0.996291373,1.029333333,1.0304,0.027822567,0.03041804,0
61.47540984,1.048,61.47540984,1.048,0.986666667,0.992155659,1.009714286,1.008,0.024341887,0.02511687,0
267.8571429,8.496,60.48387097,1.072,0.78,0.997241737,2.86,1.039428571,3.814165876,0.021844606,0
117.1875,1.384,119.047619,1.384,0.817391304,0.925630621,0.708,0.708727273,0.266118484,0.26648366,1
234.375,3.08,234.375,3.104,0.888888889,0.940170855,1.784,1.769,0.759271832,0.764389579,1
234.375,3.096,277.7777778,2.968,0.83,0.928441086,1.625777778,1.817,0.879734303,0.750873777,1
234.375,3.272,234.375,3.272,0.777777778,0.89830599,1.767,1.765,1.099846743,1.098619913,1
234.375,8.84,136.3636364,2.304,0.730769231,0.479146134,1.296,1.089230769,2.390405063,0.639198216,1
192.3076923,1.976,174.4186047,1.632,0.873684211,0.661525341,0.875555556,0.906,0.445760978,0.360390899,1
0,0,174.4186047,0.816,0,0.661125633,0,0.488,0,0.130721077,1
0,0,89.28571429,0.736,0,0.889958211,0,0.712380952,0,0.015068099,0
0,0,170.4545455,1.632,0,0.277354256,0,0.604615385,0,0.268582513,1
86.20689655,1.48,163.0434783,0.776,0.95,0.842907046,0.767578947,0.693818182,0.173014552,0.097642514,0
88.23529412,0.808,208.3333333,0.968,1,0.786170513,0.76,0.692727273,0.035588289,0.15780705,0
0,0,197.3684211,2.672,0,0.447295138,0,0.9045,0,0.774789262,0
144.2307692,1.624,144.2307692,1.6,0.976,0.841717317,0.651333333,0.65,0.232172849,0.227882502,1
60.97560976,1.184,0,0,1,0,1.048,0,0.05250641,0,0
133.9285714,1.32,133.9285714,1.312,0.971428571,0.599305011,0.7348,0.7332,0.227643674,0.224109372,1
0,0,163.0434783,0.56,0,0.910878268,0,0.527172414,0,0.0438879,1
0,0,86.20689655,0.84,0,0.972501327,0,0.7672,0,0.025942446,0
63.55932203,0.968,0,0,1,0,0.956266667,0,0.007923443,0,0
0,0,166.6666667,1.28,0,0.789284823,0,0.7444,0,0.272080174,1
64.1025641,1.528,0,0,1,0,1.308363636,0,0.15588154,0,1
131.5789474,3.168,0,0,0.931578947,0,0.860888889,0,0.608038011,0,1
0,0,0,0,0,0,0,0,0,0,1
0,0,153.0612245,0.48,0,0.962254756,0,0.432222222,0,0.014995449,0
0,0,227.2727273,2.808,0,0.572532569,0,0.858222222,0,0.640004739,0
0,0,288.4615385,2.048,0,0.376008329,0,0.671636364,0,0.535613093,0
60.97560976,1.008,0,0,1,0,0.9984,0,0.007528992,0,0
89.28571429,0.696,0,0,1,0,0.684,0,0.00641427,0,0
0,0,78.125,0.792,0,0.998959899,0,0.782,0,0.00629118,0
0,0,214.2857143,2.632,0,0.41614585,0,0.7536,0,0.51403936,0
0,0,197.3684211,1.784,0,0.479337879,0,1.194461538,0,0.394554731,1
0,0,156.25,0.44,0,0.856492445,0,0.408421053,0,0.012330212,1
0,0,170.4545455,1.592,0,0.759242114,0,0.918588235,0,0.32675661,0
0,0,214.2857143,2.624,0,0.415329922,0,0.849777778,0,0.562953927,0
107.1428571,1.2,0,0,0.9375,0,0.657043478,0,0.121787997,0,0
0,0,105.6338028,0.68,0,0.933456539,0,0.61856,0,0.02981901,0
147.0588235,0.952,0,0,0.953333333,0,0.538758621,0,0.180757465,0,1
0,0,129.3103448,1.136,0,0.822774679,0,0.6072,0,0.13292879,1
144.2307692,0.888,0,0,0.993333333,0,0.518068966,0,0.081630671,0,1
0,0,202.7027027,0.984,0,0.579462718,0,0.616,0,0.20954554,1
0,0,174.4186047,2.504,0,0.530740569,0,0.828888889,0,0.627880177,0
0,0,97.4025974,0.648,0,0.995674682,0,0.633,0,0.009527991,0
105.6338028,0.64,119.047619,0.704,1,0.922050321,0.606769231,0.60512,0.019024842,0.037229379,0
0,0,110.2941176,0.576,0,0.994148707,0,0.557714286,0,0.008392488,0
0,0,300,1.576,0,0.353676231,0,0.694545455,0,0.421231836,0
0,0,250,2.792,0,0.483743918,0,1.1,0,0.782735244,0
0,0,234.375,5.288,0,0.496646682,0,1.156,0,1.342884819,1
0,0,122.9508197,0.568,0,0.995256336,0,0.538857143,0,0.013978063,0
0,0,267.8571429,2.944,0,0.579381366,0,0.7704,0,0.587883841,0
105.6338028,0.88,0,0,0.99,0,0.768842105,0,0.125017893,0,1
0,0,101.3513514,0.624,0,0.990513446,0,0.61152,0,0.009544283,0
0,0,258.6206897,4.44,0,0.558322201,0,0.710909091,0,0.853938936,0
0,0,312.5,1.664,0,0.571203065,0,0.62624,0,0.332750317,0
277.7777778,0.896,0,0,0.881818182,0,0.714666667,0,0.259961023,0,0
122.9508197,0.592,113.6363636,0.576,1,0.95197543,0.553428571,0.555428571,0.016301394,0.012010577,0
0,0,136.3636364,3.424,0,0.405684345,0,0.7268,0,0.652144124,0
0,0,159.5744681,1.016,0,0.936165588,0,0.606769231,0,0.150411783,1
85.22727273,0.752,0,0,1,0,0.7296,0,0.011780448,0,0
0,0,136.3636364,2.584,0,0.603550501,0,1.2424,0,0.813460537,1
0,0,326.0869565,2.48,0,0.445584729,0,0.841411765,0,0.651455204,0
0,0,104.1666667,0.632,0,0.96501851,0,0.60352,0,0.013080265,0
104.1666667,1.16,0,0,0.976923077,0,0.61248,0,0.114590983,0,0
73.52941176,0.832,73.52941176,0.832,1,0.993371762,0.823555556,0.823555556,0.004314438,0.003329409,0
0,0,250,2.288,0,0.41186799,0,0.879058824,0,0.649608389,0
0,0,156.25,1.768,0,0.913385894,0,0.61248,0,0.297008013,1
0,0,117.1875,0.688,0,0.957166457,0,0.639333333,0,0.044568137,0
0,0,72.11538462,0.944,0,0.950506174,0,0.911466667,0,0.030307629,0
156.25,1.24,0,0,0.981818182,0,0.72647619,0,0.190420487,0,1
267.8571429,1.296,0,0,0.788888889,0,0.4528,0,0.244992773,0,1
0,0,326.0869565,1.016,0,0.262984801,0,0.394526316,0,0.215347204,0
0,0,133.9285714,1.664,0,0.91437844,0,0.648333333,0,0.229576295,1
159.5744681,1.416,0,0,0.925,0,0.643826087,0,0.207802278,0,1
0,0,86.20689655,1.36,0,0.936834935,0,0.826823529,0,0.145380636,1
0,0,97.4025974,0.648,0,0.943107623,0,0.635666667,0,0.007816742,0
0,0,250,2.152,0,0.58963148,0,0.699636364,0,0.440845783,1
0,0,234.375,1.776,0,0.367508129,0,0.710909091,0,0.406861496,0
0,0,84.26966292,3.784,0,0.670093425,0,1.899428571,0,1.352551029,0
0,0,120.9677419,0.912,0,0.906615842,0,0.691272727,0,0.081159562,1
0,0,153.0612245,1.408,0,0.954930744,0,0.76,0,0.177562443,1
0,0,277.7777778,3.072,0,0.528265868,0,0.836,0,0.691962597,0
0,0,159.5744681,1.32,0,0.746490468,0,0.626333333,0,0.218891807,1
98.68421053,4.568,0,0,0.907692308,0,1.300666667,0,1.217212115,0,1
0,0,136.3636364,0.672,0,0.96746668,0,0.571384615,0,0.049324296,0
0,0,125,0.504,0,0.996129046,0,0.4975,0,0.006564813,0
0,0,104.1666667,0.64,0,0.982253626,0,0.61536,0,0.014772948,0
0,0,156.25,1.6,0,0.752488764,0,0.799578947,0,0.230623868,0
0,0,71.42857143,0.904,0,0.991037353,0,0.864470588,0,0.018214409,0
0,0,0,0,0,0,0,0,0,0,0
174.4186047,1.024,0,0,0.935714286,0,0.558222222,0,0.161992719,0,1
0,0,159.5744681,1.432,0,0.878804196,0,0.931294118,0,0.242257034,0
72.81553398,2.616,72.81553398,1.672,0.9875,0.966533561,0.9632,0.900705882,0.457309398,0.200839415,1
0,0,110.2941176,1.344,0,0.881916071,0,0.674434783,0,0.1981505,0
0,0,156.25,0.976,0,0.765640391,0,0.673043478,0,0.114397822,0
79.78723404,0.832,81.52173913,0.832,1,0.978483999,0.797894737,0.794947368,0.025134957,0.029600063,0
0,0,113.6363636,1.512,0,0.851432603,0,0.84,0,0.282563059,1
93.75,0.656,0,0,0.973684211,0,0.650666667,0,0.005487955,0,1
0,0,277.7777778,1.408,0,0.257146777,0,0.438171429,0,0.296749992,1
0,0,68.18181818,0.952,0,0.992689088,0,0.906,0,0.018125488,0
0,0,71.42857143,1.808,0,0.965277079,0,1.108571429,0,0.403927967,1
0,0,63.55932203,0.984,0.061620148,0.997730684,0,0.970666667,0,0.010761483,0
81.52173913,2.6,0,0,0.988888889,0,0.885176471,0,0.442139717,0,0
178.5714286,2.216,187.5,2.536,0.653846154,0.420169443,1.238,1.244666667,0.630355744,0.84465521,1
89.28571429,0.696,0,0,1,0,0.683272727,0,0.005873117,0,0
0,0,141.509434,2.616,0,0.781265226,0,0.9936,0,0.50884025,0
0,0,170.4545455,0.888,0,0.734238484,0,0.458588235,0,0.132096869,1
89.28571429,0.744,288.4615385,2.16,1,0.747770248,0.700363636,0.701818182,0.019080145,0.35659496,0
0,0,70.09345794,1.624,0,0.926534482,0,1.242909091,0,0.249011427,1
0,0,267.8571429,2.096,0,0.601106448,0,0.507612903,0,0.383965769,1
0,0,69.44444444,1.928,0,0.980257572,0,1.0048,0,0.256335494,0
0,0,234.375,4.088,0,0.310930639,0,0.8695,0,0.958210415,0
0,0,202.7027027,0.904,0,0.813974523,0,0.60992,0,0.098529995,0
0,0,241.9354839,3.24,0,0.568763858,0,0.882,0,0.735724586,0
71.42857143,2.184,0,0,0.966666667,0,1.013090909,0,0.403651695,0,1
0,0,80.64516129,0.872,0,0.993118065,0,0.834222222,0,0.035011856,0
0,0,72.81553398,2.608,0,0.983828539,0,1.088571429,0,0.531720822,1
0,0,202.7027027,2.152,0,0.488957808,0,0.850222222,0,0.428041168,0
102.739726,0.648,0,0,0.992307692,0,0.61184,0,0.017453939,0,0
78.125,1.024,0,0,1,0,0.838222222,0,0.059459878,0,0
85.22727273,0.976,0,0,1,0,0.833777778,0,0.088386554,0,0
441.1764706,0.792,0,0,0.760869565,0,0.340088889,0,0.100870714,0,1
0,0,174.4186047,0.44,0,0.945768484,0,0.3874,0,0.025030033,1
0,0,197.3684211,0.744,0,0.707848461,0,0.519724138,0,0.118359892,1
174.4186047,0.72,227.2727273,3.256,0.981818182,0.712071944,0.476,0.591384615,0.091665591,0.549659609,1
65.78947368,1.152,65.2173913,1.12,1,0.948702642,1.019733333,1.012266667,0.065891108,0.06188407,0
0,0,250,0.896,0,0.803512763,0,0.554857143,0,0.137898974,0
0,0,250,3.32,0,0.358026552,0,0.778947368,0,0.813950413,1
0,0,66.37168142,1,0,0.982732533,0,0.9405,0,0.026608269,0
0,0,56.81818182,1.12,0,0.957050602,0,1.092923077,0,0.01682489,0
0,0,288.4615385,2.208,0,0.366931787,0,0.592307692,0,0.453184181,0
0,0,84.26966292,1.472,0,0.877936284,0,0.7904,0,0.161312511,0
0,0,300,2.52,0,0.164404039,0,0.731809524,0,0.599789931,1
0,0,187.5,0.768,0,0.592487641,0,0.470709677,0,0.104145473,1
241.9354839,0.832,0,0,0.766666667,0,0.48775,0,0.143403559,0,1
0,0,163.0434783,1.232,0,0.679487854,0,0.684173913,0,0.258035877,0
0,0,87.20930233,2.656,0,0.81592104,0,0.987,0,0.45245287,0
0,0,326.0869565,2.664,0,0.413103091,0,0.587555556,0,0.467042193,1
0,0,129.3103448,1.272,0,0.736209056,0,0.764,0,0.204875315,0
0,0,100,0.64,0.061401026,0.99418274,0,0.625,0,0.009527991,0
0,0,89.28571429,2.928,0,0.936841808,0,1.192,0,0.546152604,1
192.3076923,2.576,468.75,2.2,0.848148148,0.627506455,0.587692308,0.503225806,0.446432863,0.415704279,1
0,0,258.6206897,0.816,0,0.632230794,0,0.41772973,0,0.102035029,1
0,0,220.5882353,2.704,0,0.470361763,0,1.593777778,0,0.864275676,0
0,0,178.5714286,2.744,0,0.7688662,0,1.0288,0,0.63908363,1
107.1428571,1.152,0,0,1,0,0.875294118,0,0.123290189,0,1
192.3076923,0.704,0,0,0.981818182,0,0.48875,0,0.104551577,0,1
0,0,0,0,0,0,0,0,0,0,0
0,0,77.31958763,0.832,0,0.99588933,0,0.805894737,0,0.014567447,0
0,0,277.7777778,2.312,0,0.568577585,0,0.911529412,0,0.638664047,0
0,0,150,0.488,0.05906925,0.956427483,0,0.446588235,0,0.017222462,0
150,1.224,0,0,0.958333333,0,0.642086957,0,0.221875869,0,1
79.78723404,1.664,0,0,1,0,1.112,0,0.324612906,0,1
163.0434783,1.152,0,0,0.985185185,0,0.581846154,0,0.197644467,0,1
0,0,182.9268293,3.544,0,0.440034738,0,1.177846154,0,1.06220477,0
0,0,68.80733945,0.92,0,0.996383389,0,0.903,0,0.012691204,0
0,0,234.375,3.768,0,0.601689011,0,0.918588235,0,0.994151841,0
0,0,127.1186441,0.816,0,0.970659363,0,0.591692308,0,0.114071826,0
0,0,208.3333333,1.968,0,0.829115121,0,0.718095238,0,0.299010686,1
104.1666667,0.776,0,0,1,0,0.683636364,0,0.04892613,0,0
0,0,267.8571429,0.896,0,0.56110944,0,0.584,0,0.181754413,1
0,0,208.3333333,3.048,0,0.425933177,0,1.158153846,0,0.918207842,1
117.1875,1,0,0,0.939130435,0,0.687636364,0,0.153177937,0,0
156.25,0.48,0,0,0.935135135,0,0.431555556,0,0.023881187,0,1
267.8571429,0.528,174.4186047,1.04,0.960606061,0.81665504,0.4895,0.582461538,0.06439996,0.188447389,0
0,0,163.0434783,1.072,0.03540712,0.573299016,0,0.56,0,0.182921153,0
88.23529412,2.224,0,0,0.977777778,0,0.921882353,0,0.459465162,0,1
91.46341463,0.728,0,0,1,0,0.68973913,0,0.015247108,0,0
208.3333333,1.096,0,0,0.968181818,0,0.711619048,0,0.20739105,0,1
0,0,312.5,2.568,0,0.581957929,0,0.736,0,0.564513242,0
170.4545455,1.192,258.6206897,2.144,0.895238095,0.457894418,0.714,0.574461538,0.251699068,0.39518393,1
72.81553398,0.88,84.26966292,1.704,1,0.89478615,0.853333333,0.904941176,0.015029383,0.211582274,0
0,0,156.25,0.824,0,0.890170385,0,0.662545455,0,0.095861372,1
166.6666667,1.304,0,0,0.94,0,0.802105263,0,0.182171438,0,1
0,0,64.65517241,2.264,0,0.948407004,0,1.352,0,0.426483294,1
182.9268293,0.72,250,1.608,1,0.502093174,0.469818182,0.532,0.111252375,0.282570214,1
0,0,91.46341463,1.648,0,0.296535808,0,0.773894737,0,0.215271894,0
0,0,133.9285714,3.984,0,0.724145868,0,1.078285714,0,1.049402132,1
0,0,85.22727273,1.6,0,0.943696017,0,0.9365,0,0.273774116,1
0,0,83.33333333,0.792,0,0.984164846,0,0.7552,0,0.019664555,0
0,0,178.5714286,3.368,0,0.798216928,0,1.151384615,0,0.730606773,0
0,0,197.3684211,1.136,0,0.69385883,0,0.565333333,0,0.176976313,1
0,0,55.14705882,2.208,0,0.887085962,0,1.216,0,0.312996079,0
156.25,1.424,227.2727273,2.096,0.851851852,0.302279246,0.591384615,0.740571429,0.273688155,0.419619419,1
0,0,57.69230769,1.28,0,0.976628229,0,1.249333333,0,0.066918313,0
0,0,214.2857143,0.76,0,0.786311614,0,0.569481481,0,0.137709385,1
0,0,288.4615385,2.176,0,0.37667602,0,0.703555556,0,0.583812845,1
94.93670886,0.672,277.7777778,1.312,0.991666667,60.70340756,0.655652174,0.655666667,0.009791502,0.179993881,0
0,0,192.3076923,2.496,0,0.731826388,0,0.519724138,0,0.389622427,1
0,0,258.6206897,2.992,0,0.371233031,0,0.805333333,0,0.766252915,1
0,0,250,2.52,0,0.792574599,0,0.643666667,0,0.420861091,0
0,0,163.0434783,3.552,0,0.516171218,0,0.825411765,0,0.752224622,1
0,0,166.6666667,0.696,0,0.836942075,0,0.586461538,0,0.100016491,1
107.1428571,1.744,0,0,0.866666667,0,1.091428571,0,0.36683044,0,0
0,0,267.8571429,3.048,0,0.604599244,0,0.729684211,0,0.625363632,0
125,1.32,0,0,0.866666667,0,0.873882353,0,0.329041388,0,0
0,0,178.5714286,0.744,0,0.609055421,0,0.554857143,0,0.155891157,1
0,0,0,0,0,0,0,0,0,0,0
89.28571429,2.032,0,0,0.98125,0,0.773866667,0,0.348101354,0,1
0,0,241.9354839,4.064,0,0.436493782,0,0.599076923,0,0.713156192,1
127.1186441,1.448,0,0,0.878571429,0,1.081230769,0,0.285971489,0,0
80.64516129,1.68,0,0,0.988235294,0,0.9535,0,0.366864553,0,1
0,0,170.4545455,1.792,0.053718844,0.869795678,0,0.640333333,0,0.257089845,1
96.15384615,1.352,0,0,0.99047619,0,0.7544,0,0.153841477,0,0
182.9268293,0.824,178.5714286,0.992,0.870588235,0.856331631,0.476363636,0.529142857,0.132500429,0.184350253,1
0,0,115.3846154,1.24,0,0.808690538,0,0.831555556,0,0.204982129,1
0,0,192.3076923,2.568,0,0.73869082,0,0.68,0,0.450306985,1
0,0,241.9354839,3.424,0,0.145322909,0,0.841333333,0,0.78108582,0
0,0,46.875,1.928,0,0.994030883,0,1.686222222,0,0.253385959,1
153.0612245,0.936,0,0,0.991304348,0,0.700363636,0,0.131586128,0,1
0,0,66.96428571,2.056,0,0.713702392,0,1.311272727,0,0.433913607,0
0,0,326.0869565,1.08,0,0.27299596,0,0.558956522,0,0.28567042,0
0,0,202.7027027,1.312,0,0.771495368,0,0.8915,0,0.251662737,0
0,0,141.509434,0.976,0,0.795413388,0,0.7692,0,0.169014979,1
0,0,312.5,1.44,0,0.479028388,0,0.573714286,0,0.324943248,0
0,0,65.78947368,1.544,0,0.623661181,0,1.211333333,0,0.135784142,1
71.42857143,1.744,0,0,0.946666667,0,0.978285714,0,0.292619845,0,1
0,0,468.75,1.456,0,0.455650038,0,0.664,0,0.372740731,1
0,0,241.9354839,1.936,0,0.572993375,0,0.816842105,0,0.406908297,0
0,0,227.2727273,2.128,0,0.362918109,0,0.688,0,0.41011218,0
80.64516129,0.76,0,0,1,0,0.7504,0,0.006196773,0,1
187.5,0.632,0,0,0.976470588,0,0.473454545,0,0.109315224,0,1
0,0,133.9285714,1.184,0,0.69875778,0,0.676,0,0.178727779,0
110.2941176,0.872,0,0,0.966666667,0,0.644173913,0,0.074379648,0,0
174.4186047,5.408,267.8571429,2.256,0.733333333,0.330252189,2.2656,0.9175,2.056991201,0.547406735,0
0,0,241.9354839,0.888,0,0.434331331,0,0.61184,0,0.125647549,0
0,0,288.4615385,1.968,0,0.328009644,0,0.722823529,0,0.531329963,0
0,0,144.2307692,1.48,0,0.749255211,0,0.828444444,0,0.291084427,1
0,0,64.1025641,0.984,0,0.982908772,0,0.954133333,0,0.012269979,0
0,0,250,1.424,0,0.674477339,0,0.664695652,0,0.220332483,0
0,0,250,2.536,0,0.312529373,0,0.697904762,0,0.497718987,1
0,0,166.6666667,0.984,0,0.827611254,0,0.556,0,0.177094241,1
0,0,102.739726,2.064,0,0.852148643,0,0.918117647,0,0.318666339,1
0,0,197.3684211,0.648,0,0.730235476,0,0.476848485,0,0.054403654,0
0,0,163.0434783,1.176,0,0.723309124,0,0.687304348,0,0.206651757,1
0,0,241.9354839,0.992,0,0.668907346,0,0.7552,0,0.250807874,0
0,0,227.2727273,2.384,0,0.415662851,0,0.8895,0,0.719046591,0
88.23529412,1.288,0,0,0.957894737,0,0.863555556,0,0.120843225,0,1
0,0,79.78723404,1.776,0,0.962139674,0,1.011428571,0,0.377218507,1
94.93670886,1.44,0,0,0.976190476,0,0.7416,0,0.166319414,0,0
0,0,234.375,3.504,0,0.367146674,0,2.6768,0,1.364482026,1
133.9285714,1.336,0,0,0.972727273,0,0.731428571,0,0.212528721,0,1
0,0,70.75471698,0.872,0,0.996916532,0,0.859111111,0,0.006798693,0
0,0,197.3684211,2.648,0,0.517158156,0,0.7648,0,0.520847245,0
0,0,174.4186047,1.96,0,0.745571319,0,0.463058824,0,0.296995964,1
0,0,0,0,0,0,0,0,0,0,1
0,0,100,1.976,0,0.672142271,0,0.982285714,0,0.388273383,0
122.9508197,1.304,208.3333333,1.336,0.95,0.761968162,0.719238095,0.751619048,0.197664844,0.275431022,1
0,0,277.7777778,2.48,0,0.435476706,0,0.7808,0,0.533170221,0
0,0,163.0434783,1.184,0,0.921985005,0,0.661,0,0.213320742,1
0,0,120.9677419,1.32,0,0.974195453,0,0.582769231,0,0.158451584,1
82.41758242,0.776,0,0,0.9625,0,0.752,0,0.0124671,0,0
79.78723404,0.8,0,0,0.97,0,0.784421053,0,0.012357255,0,0
0,0,0,0,0,0,0,0,0,0,0
120.9677419,0.968,120.9677419,0.976,0.992307692,0.965248623,0.61088,0.61088,0.11686756,0.119997333,0
78.94736842,0.816,0,0,1,0,0.781473684,0,0.013869905,0,0
0,0,159.5744681,1.008,0,0.872195896,0,0.459151515,0,0.11272869,1
79.78723404,1.6,0,0,0.977777778,0,0.823058824,0,0.202521749,0,1
0,0,340.9090909,1.504,0,0.315400035,0,0.416432432,0,0.278280089,0
174.4186047,0.528,174.4186047,0.768,0.725714286,0.421340991,0.462823529,0.476606061,0.04478668,0.068674021,1
192.3076923,2.696,178.5714286,1.16,0.95,0.430554745,0.547555556,0.640333333,0.453137212,0.228007373,1
0,0,102.739726,0.624,0,0.994287419,0,0.60544,0,0.010762899,0
0,0,192.3076923,0.576,0,0.722226375,0,0.5024,0,0.073992357,1
0,0,80.64516129,0.768,0,0.992224169,0,0.7592,0,0.008166685,0
0,0,300,1.784,0,0.847914909,0,1.277333333,0,0.543104432,1
0,0,326.0869565,3.856,0,0.357066829,0,1.341090909,0,1.260873463,1
86.20689655,0.728,0,0,1,0,0.716190476,0,0.009336054,0,0
0,0,98.68421053,1.528,0,0.883847448,0,1.057142857,0,0.264714318,1
59.52380952,1.328,0,0,0.914285714,0,1.109538462,0,0.104633181,0,0
0,0,340.9090909,1.04,0,0.522863772,0,0.523310345,0,0.16917301,0
163.0434783,1.16,258.6206897,1.184,0.912,0.596311526,0.644666667,0.571384615,0.198861688,0.234662494,0
208.3333333,0.944,0,0,0.918181818,0,0.677714286,0,0.15098912,0,0
0,0,214.2857143,1.048,0,0.665104094,0,0.586461538,0,0.228029688,1
0,0,227.2727273,0.808,0,0.839608734,0,0.656380952,0,0.137205859,0
375,0.664,0,0,0.78,0,0.352545455,0,0.137684752,0,0
156.25,1.104,202.7027027,0.8,0.979166667,0.600968067,0.664695652,0.583407407,0.182346931,0.189378591,1
0,0,159.5744681,1.04,0,0.738809426,0,0.532137931,0,0.157779168,1
72.81553398,0.888,72.81553398,0.896,1,0.98964596,0.860235294,0.856,0.017690143,0.020164033,0
0,0,113.6363636,2.096,0,0.672571102,0,0.800842105,0,0.366042084,0
0,0,127.1186441,0.56,0.058263079,0.94337426,0,0.516,0,0.01791936,0
147.0588235,1.552,0,0,0.95,0,0.611130435,0,0.22081817,0,1
182.9268293,0.936,0,0,0.984,0,0.644,0,0.196964795,0,1
0,0,102.739726,1.72,0,0.808340663,0,1.022933333,0,0.388813482,1
0,0,220.5882353,3.472,0,0.597528417,0,1.682666667,0,1.016944443,1
0,0,234.375,4.312,0,0.224126308,0,2.284,0,2.868025104,1
60.48387097,1.008,0,0,1,0,0.999466667,0,0.007689201,0,0
117.1875,1.056,0,0,0.963636364,0,0.720380952,0,0.114164126,0,1
0,0,78.125,0.872,0,0.974148178,0,0.834666667,0,0.025594117,0
144.2307692,1.008,0,0,1,0,0.799578947,0,0.231255106,0,1
150,0.768,0,0,0.964285714,0,0.566222222,0,0.107979105,0,0
0,0,300,3.224,0,0.45135021,0,0.720761905,0,0.691266223,0
82.41758242,0.992,0,0,1,0,0.826222222,0,0.094210999,0,0
0,0,153.0612245,0.624,0,0.946962043,0,0.501333333,0,0.031255712,0
0,0,90.36144578,0.696,0,0.992002645,0,0.677565217,0,0.008841154,0
